class_id,phone_number,question_1_response,question_2_response,additional_information,response_delay
LAW101,123456789000,Absolutely loved the lecture today! It was engaging and very insightful.,I really appreciated the depth of discussion around ethical considerations in law. The practical examples made the theory much more accessible.,No additional comments.,71301
LAW101,123456789001,"Today's session was a bit disappointing, struggled to connect with the material.",I think the lecture could benefit from a clearer structure and more relatable examples. It was hard to follow the main points at times.,No additional comments.,144829
LAW101,123456789002,"Found the lecture to be pretty standard, informative but not particularly exciting.","I found the lecture to be a good refresher on some of the basics, but I'm looking forward to more engaging content in future sessions.",No additional comments.,111892
LAW101,123456789003,"Loved the interactive part of today's lecture, it made learning so much fun.",I really appreciated the depth of discussion around ethical considerations in law. The practical examples made the theory much more accessible.,No additional comments.,109702
LAW101,123456789004,"Found today's lecture a bit confusing, had a hard time following along.",I think the lecture could benefit from a clearer structure and more relatable examples. It was hard to follow the main points at times.,No additional comments.,157285
LAW101,123456789005,"It was a decent overview of the topics, but nothing caught my attention much.","I found the lecture to be a good refresher on some of the basics, but I'm looking forward to more engaging content in future sessions.",No additional comments.,78356
LAW101,123456789006,"The lecture today was amazing, especially the discussions on ethical dilemmas.",I really appreciated the depth of discussion around ethical considerations in law. The practical examples made the theory much more accessible.,No additional comments.,107671
LAW101,123456789007,"Not the best lecture, it was hard to follow and didn't feel very engaged.",I think the lecture could benefit from a clearer structure and more relatable examples. It was hard to follow the main points at times.,No additional comments.,95691
LAW101,123456789008,"The session was alright, hoping for more in-depth discussion in future lectures.","I found the lecture to be a good refresher on some of the basics, but I'm looking forward to more engaging content in future sessions.",No additional comments.,36147
LAW101,123456789009,"Incredible session, the examples used made complex topics much easier to grasp.",I really appreciated the depth of discussion around ethical considerations in law. The practical examples made the theory much more accessible.,No additional comments.,1445
LAW101,123456789010,"Unfortunately, didn't get much out of the lecture today, it felt quite disorganized.",I think the lecture could benefit from a clearer structure and more relatable examples. It was hard to follow the main points at times.,No additional comments.,27270
LAW101,123456789011,"Today's lecture was okay, nothing particularly stood out though.","I found the lecture to be a good refresher on some of the basics, but I'm looking forward to more engaging content in future sessions.",No additional comments.,139768
LAW101,123456789012,"Today's lecture was fantastic, learned a lot and felt really connected to the material.",I really appreciated the depth of discussion around ethical considerations in law. The practical examples made the theory much more accessible.,No additional comments.,48567
LAW101,123456789013,"Had high hopes but the lecture didn't really resonate with me, felt lost most of the time.",I think the lecture could benefit from a clearer structure and more relatable examples. It was hard to follow the main points at times.,No additional comments.,11616
LAW101,123456789014,"The lecture was fine, covered the basics but waiting for more engaging content.","I found the lecture to be a good refresher on some of the basics, but I'm looking forward to more engaging content in future sessions.",No additional comments.,320
LAW101,123456789015,Absolutely loved the lecture today! It was engaging and very insightful.,I really appreciated the depth of discussion around ethical considerations in law. The practical examples made the theory much more accessible.,No additional comments.,93851
LAW101,123456789016,"Today's session was a bit disappointing, struggled to connect with the material.",I think the lecture could benefit from a clearer structure and more relatable examples. It was hard to follow the main points at times.,No additional comments.,94317
LAW101,123456789017,"Found the lecture to be pretty standard, informative but not particularly exciting.","I found the lecture to be a good refresher on some of the basics, but I'm looking forward to more engaging content in future sessions.",No additional comments.,1838
LAW101,123456789018,"Loved the interactive part of today's lecture, it made learning so much fun.",I really appreciated the depth of discussion around ethical considerations in law. The practical examples made the theory much more accessible.,No additional comments.,89399
LAW101,123456789019,"Found today's lecture a bit confusing, had a hard time following along.",I think the lecture could benefit from a clearer structure and more relatable examples. It was hard to follow the main points at times.,No additional comments.,57054
LAW101,123456789020,"It was a decent overview of the topics, but nothing caught my attention much.","I found the lecture to be a good refresher on some of the basics, but I'm looking forward to more engaging content in future sessions.",No additional comments.,45264
LAW101,123456789021,"The lecture today was amazing, especially the discussions on ethical dilemmas.",I really appreciated the depth of discussion around ethical considerations in law. The practical examples made the theory much more accessible.,No additional comments.,1949
LAW101,123456789022,"Not the best lecture, it was hard to follow and didn't feel very engaged.",I think the lecture could benefit from a clearer structure and more relatable examples. It was hard to follow the main points at times.,No additional comments.,15619
LAW101,123456789023,"The session was alright, hoping for more in-depth discussion in future lectures.","I found the lecture to be a good refresher on some of the basics, but I'm looking forward to more engaging content in future sessions.",No additional comments.,1724
LAW101,123456789024,"Incredible session, the examples used made complex topics much easier to grasp.",I really appreciated the depth of discussion around ethical considerations in law. The practical examples made the theory much more accessible.,No additional comments.,57502
LAW101,123456789025,"Unfortunately, didn't get much out of the lecture today, it felt quite disorganized.",I think the lecture could benefit from a clearer structure and more relatable examples. It was hard to follow the main points at times.,No additional comments.,170408
LAW101,123456789026,"Today's lecture was okay, nothing particularly stood out though.","I found the lecture to be a good refresher on some of the basics, but I'm looking forward to more engaging content in future sessions.",No additional comments.,131012
LAW101,123456789027,"Today's lecture was fantastic, learned a lot and felt really connected to the material.",I really appreciated the depth of discussion around ethical considerations in law. The practical examples made the theory much more accessible.,No additional comments.,1302
LAW101,123456789028,"Had high hopes but the lecture didn't really resonate with me, felt lost most of the time.",I think the lecture could benefit from a clearer structure and more relatable examples. It was hard to follow the main points at times.,No additional comments.,12044
LAW101,123456789029,"The lecture was fine, covered the basics but waiting for more engaging content.","I found the lecture to be a good refresher on some of the basics, but I'm looking forward to more engaging content in future sessions.",No additional comments.,19730
LAW101,123456789030,Absolutely loved the lecture today! It was engaging and very insightful.,I really appreciated the depth of discussion around ethical considerations in law. The practical examples made the theory much more accessible.,No additional comments.,46395
LAW101,123456789031,"Today's session was a bit disappointing, struggled to connect with the material.",I think the lecture could benefit from a clearer structure and more relatable examples. It was hard to follow the main points at times.,No additional comments.,402
LAW101,123456789032,"Found the lecture to be pretty standard, informative but not particularly exciting.","I found the lecture to be a good refresher on some of the basics, but I'm looking forward to more engaging content in future sessions.",No additional comments.,65504
LAW101,123456789033,"Loved the interactive part of today's lecture, it made learning so much fun.",I really appreciated the depth of discussion around ethical considerations in law. The practical examples made the theory much more accessible.,No additional comments.,130454
LAW101,123456789034,"Found today's lecture a bit confusing, had a hard time following along.",I think the lecture could benefit from a clearer structure and more relatable examples. It was hard to follow the main points at times.,No additional comments.,15514
LAW101,123456789035,"It was a decent overview of the topics, but nothing caught my attention much.","I found the lecture to be a good refresher on some of the basics, but I'm looking forward to more engaging content in future sessions.",No additional comments.,84857
LAW101,123456789036,"The lecture today was amazing, especially the discussions on ethical dilemmas.",I really appreciated the depth of discussion around ethical considerations in law. The practical examples made the theory much more accessible.,No additional comments.,55724
LAW101,123456789037,"Not the best lecture, it was hard to follow and didn't feel very engaged.",I think the lecture could benefit from a clearer structure and more relatable examples. It was hard to follow the main points at times.,No additional comments.,10503
LAW101,123456789038,"The session was alright, hoping for more in-depth discussion in future lectures.","I found the lecture to be a good refresher on some of the basics, but I'm looking forward to more engaging content in future sessions.",No additional comments.,160299
LAW101,123456789039,"Incredible session, the examples used made complex topics much easier to grasp.",I really appreciated the depth of discussion around ethical considerations in law. The practical examples made the theory much more accessible.,No additional comments.,748